Chapter,Chapter Name,Question Number,Question,Answer
ch05,회귀,Q1,"Q. 각 상황별로 적절한 회귀 모델은 무엇인가요?
a) 병원에서 환자의 생존 가능성을 예측하는 모델을 만들 때
수집된 데이터 : 나이, 성별, 혈압, 혈당 수치, 심전도 수치, 체온, 키, 몸무게, 병원 코드, 담당 간호사 ID, 입원 날짜,
b) 온라인 쇼핑몰 고객의 구매 금액 예측 모델을 만들 때
수집된 데이터 : 1개월 간 총 방문 횟수, 1개월 간 상품 상세보기 횟수, 1개월 간 결제 시도 횟수, 결제 성공률, 총 체류 시간 등
c) 자동차 가격 예측 모델을 만들 때
수집된 데이터 : 연식, 주행거리, 연료 종류, 배기량, 마력, 브랜드, 변속기 유형 등","a) 라쏘 (L1 규제): 실제로 행존율에 영향을 주는 변수는 소수입니다. 따라서 불필요한 특성의 가중치를 0으로 만들어 모델을 간단하고 해석가능하게 만들어주어야합니다.
b) 엘라스틱넷(L1 + L2 혼합) : 변수가 많고 높은 다중공선성을 띱니다. 따라서 불필요한 변수를 적절히 제거하고 상관관계가 높은변수들을 함께 조절해 과적합을 완화해야합니다.
c) 릿지 (L2 규제): 모든 특성이 의미는 있지만, 학습 데이터 수(차량의 모델 수는 한정됨)가 적어서 모델이 과적합될 위험이 있습니다. 따라서 계수를 일정 수준 이하로 조절하여 일반화 성능을 향상시켜야합니다."
ch05,회귀,Q2,"Q. L2 규제는 loss function의 값을 줄여나갈 때, alpha 값에 따라서 wight들의 L2 norm까지 최소화시켜야 합니다. alpha 값이 커진다면, 모델이 단순해지면서 오버 피팅을 개선합니다.
 반면 L1 규제는 weight의 절댓값을 최소화시킵니다. 이것은 영향력이 크지 않은 회귀계수 값을 0으로 만드는 피처 셀렉션의 역할을 합니다. 그런데 여기서 L1 규제가 L2 규제와 비교했을 때, 불필요한 회귀계수 값을 0으로 만드는 이유는 무엇일까요?","L1 규제는 loss fucntion을 미분했을 때, new weight = old weight - lr * patial derivate - lr * alpha * sign(w) 와 같은 형태가 됩니다.
 즉, weight의 크기에 관계없이 +/- 부호만을 가지고 weight들을 update 하기 때문에 자잘한 weight들은 0으로 수렴해버리고 중요한 weight들만 남게 됩니다.
 그에 비해서 L2 규제는 loss function을 미분했을 때, new weight = old weight - lr * patial derivate - lr * alpha * (w) 와 같은 형태가 됩니다.
 즉, weight update 시 현재 weight 값을 사용하여 크기가 큰 weight는 강하게, 크기가 작은 weight는 약하게 규제를 가합니다."
ch06,회귀,Q3,"Q. 선형 회귀 모델을 위해 데이터 변환을 할 때 사용하는 정규화와 로그변환에 대해 설명해주세요. 또 아래의 상황별로 적절하다고 생각되는 데이터 변환 방식 무엇인지 작성해주세요.
상황1. 한 회사 내의 연봉 데이터 분석
상황 2. 품질 관리를 위한 제품의 길이 오차 분석
상황 3. 전자상거래 거래량 분석","정규화는 평균이 0, 분산이 1인 표준 정규 분포를 가진 데이터 세트로 변환하거나 모든 데이터를 0과 1 사이로 변환하는 방법입니다. 이에 반해 로그 변환은 왜곡된 분포도 형테의 데이터에서 효과적입니다.
상황1. (예시) 로그변환. 회사 내 대부분의 직원이 3,000~5,000만 원의 연봉을 받는데에 비해 2억 이상 받는 일부 임원들로 인해 분포가 치우쳐질 수 있기 때문입니다.
상황2. (예시) 정규화. 일반적으로 측정기의 오차는 평균 0을 중심으로 자연스럽게 발생하며, 정규 분포로 품질을 관리할 때 공정에 유리하기 때문입니다.
상황3. (예시) 로그변환. 전자상거래의 경우 소량 구매자와 대량구매자의 편차가 크고 그 단위가 크기때문에 정규화를 진행할 경우 고객 특성 반영에 불리하기 때문입니다."
ch05,회귀,Q4,"Q. 로지스틱 회귀가 선형회귀와 다른 점은 무엇인가요?",학습을 통해 선형 함수의 회귀 최적선을 찾는 것이 아니라 시그모이드 함수 최적선을 찾고 이 시그모이드 함수의 반환 값을 확률로 간주해 확률에 따라 분류를 결정합니다.
ch05,회귀,Q5,"Q. 로지스틱 회귀에서 시그모이드 함수의 주요 역할은 무엇인가요?",로지스틱 회귀에서는 선형 결합 결과를 시그모이드 함수를 통해 0~1 사이의 값으로 매핑합니다. 이 값을 확률로 해석하고 일반적으로 0.5를 기준으로 이진 분류를 수행합니다.
ch05,회귀,Q6,"Q. 로지스틱 회귀는 텍스트 분류에서도 유용합니다. 그 이유는 무엇일까요?","로지스틱 회귀는 선형 모델이지만 출력값을 시그모이드 함수로 확률로 변환합니다. 때문에 문장의 분류를 확률로 출력할 수 있기에 불확실한 예측도 다룰 수 있다는 장점이 있습니다. 또한 텍스트 데이터는 일반적으로 매우 고차원이고 희소한 형태가 많은데 로지스틱 회귀는 선형 결합이기도 하고 L1과 L2를 모두 사용하기 때문에 이런 고차원 희소 벡터를 잘 다룰 수 있습니다.
이외에도 학습속도가 빨라 대규모 텍스트 데이터의 기초 분류 작업에 많이 사용된다는 장점도 있으며 선형적으로 잘 분리되는 텍스트 데이터 특성상 로지스틱 선형회귀가 유용합니다."
